Emp_id,Emp_name,Email,Gender,Department,Address,Salary
1,Lizzie Brunell,Lizzie.Brunell@gmaill.com,Female,Engineering,France,97200
2,Ottilie Matthew,Ottilie.Matthew@gmaill.com,Female,Product Management,Germany,55651
3,Bee Marcellus,Bee.Marcellus@gmaill.com,Female,Human Resources,Israel,97822
4,Collen Monaco,Collen.Monaco@gmaill.com,Female,,Israel,87566
5,Mariann Sheedy,Mariann.Sheedy@gmaill.com,Female,Accounting,France,79063
6,Orelia Presber,Orelia.Presber@gmaill.com,Male,Legal,Russia,77495
7,Yvonne Faust,,Female,Business Development,United States,82628
8,Nonnah Maryanne,Nonnah.Maryanne@gmaill.com,Female,Business Development,Germany,60205
9,Kerrin Marijo,Kerrin.Marijo@gmaill.com,Female,Accounting,Germany,63576
10,Wileen Tjon,Wileen.Tjon@gmaill.com,Female,Services,United States,97793
11,Amii Kat,Amii.Kat@gmaill.com,Male,Business Development,France,56939
12,Sadie Wattenberg,Sadie.Wattenberg@gmaill.com,Male,Services,Israel,97702
13,Almeta Ax,Almeta.Ax@gmaill.com,Female,Business Development,United States,107196
14,Henriette Cloris,Henriette.Cloris@gmaill.com,Female,Services,Israel,86904
15,Alyda Carmena,Alyda.Carmena@gmaill.com,Male,Research and Development,United States,50525
16,Deirdre Chaing,Deirdre.Chaing@gmaill.com,Male,Product Management,Germany,78672
17,Kary Connelly,Kary.Connelly@gmaill.com,Male,Services,United States,78771
18,Sabina Han,Sabina.Han@gmaill.com,Female,Marketing,United States,67425
19,Siana Kimmie,Siana.Kimmie@gmaill.com,Female,Legal,Israel,52253
20,Cindelyn Allys,,Female,Business Development,Israel,106726
21,Sarette Sparhawk,Sarette.Sparhawk@gmaill.com,Male,Sales,United States,82105
22,Gabi Cottle,Gabi.Cottle@gmaill.com,Male,Product Management,France,93182
23,Susette Amand,Susette.Amand@gmaill.com,Female,Sales,Israel,77480
24,Trudie Rosalba,Trudie.Rosalba@gmaill.com,Female,Business Development,United States,105854
25,Alleen Juan,Alleen.Juan@gmaill.com,Male,Business Development,Germany,83968
26,Myriam Bach,Myriam.Bach@gmaill.com,Female,Research and Development,Russia,101175
27,Binny Even,Binny.Even@gmaill.com,Female,Services,United States,75285
28,Jan Aloise,Jan.Aloise@gmaill.com,Male,Marketing,Israel,103033
29,Ezmeralda Wareing,Ezmeralda.Wareing@gmaill.com,Female,Engineering,United States,110596
30,Viviene Damarra,Viviene.Damarra@gmaill.com,Male,Product Management,Germany,95327
31,Bernie Sherfield,Bernie.Sherfield@gmaill.com,Male,Marketing,France,63334
32,Karina Woodberry,Karina.Woodberry@gmaill.com,Male,Sales,Russia,69063
33,Carlie Reidar,Carlie.Reidar@gmaill.com,Female,Business Development,Russia,87935
34,Nyssa Brian,Nyssa.Brian@gmaill.com,Female,Research and Development,Russia,55061
35,Nannie Ezar,Nannie.Ezar@gmaill.com,Female,Legal,Israel,98922
36,Jacenta Zamora,Jacenta.Zamora@gmaill.com,Female,Research and Development,Germany,81840
37,Ayn Helfand,Ayn.Helfand@gmaill.com,Female,Human Resources,United States,75924
38,Aimil Wolfgram,Aimil.Wolfgram@gmaill.com,Female,Human Resources,Germany,74334
39,Arabel Hieronymus,Arabel.Hieronymus@gmaill.com,Female,Sales,United States,82632
40,Steffane McAdams,Steffane.McAdams@gmaill.com,Female,Product Management,Russia,66570
41,Ana Jotham,Ana.Jotham@gmaill.com,Male,Engineering,Germany,72905
42,Bobinette Gibbeon,Bobinette.Gibbeon@gmaill.com,Female,Sales,Russia,60342
43,Bee Bakerman,Bee.Bakerman@gmaill.com,Female,Sales,France,54636
44,Pollyanna Bigner,Pollyanna.Bigner@gmaill.com,Female,Services,France,52068
45,Lila Morrill,Lila.Morrill@gmaill.com,Male,Research and Development,United States,82880
46,Felice Gaulin,Felice.Gaulin@gmaill.com,Male,Product Management,Russia,107697
47,Joelly Bertold,Joelly.Bertold@gmaill.com,Female,Accounting,United States,69226
48,Mellicent Jenness,Mellicent.Jenness@gmaill.com,Male,Engineering,United States,60641
49,Roz Irmine,Roz.Irmine@gmaill.com,Female,Research and Development,Israel,84294
50,Marnia Arvo,Marnia.Arvo@gmaill.com,Female,Product Management,France,99234
51,Kimberley Helve,Kimberley.Helve@gmaill.com,Male,Marketing,France,83437
52,Daune Raychel,Daune.Raychel@gmaill.com,Female,Business Development,Israel,60639
53,Sarette Slifka,Sarette.Slifka@gmaill.com,Female,Services,Israel,93728
54,Amalie McGrody,Amalie.McGrody@gmaill.com,Female,Business Development,Israel,55881
55,Sean Gwenore,Sean.Gwenore@gmaill.com,Male,Business Development,Israel,75079
56,Zondra Zitvaa,Zondra.Zitvaa@gmaill.com,Female,Marketing,Germany,102309
57,Arlina Cornelia,Arlina.Cornelia@gmaill.com,Female,Services,United States,61140
58,Vonny Atcliffe,Vonny.Atcliffe@gmaill.com,Female,Marketing,United States,50093
59,Rhoda Han,Rhoda.Han@gmaill.com,Male,Marketing,Germany,104445
60,Deloria Bartlett,Deloria.Bartlett@gmaill.com,Female,Marketing,Russia,93404
61,Dianemarie Lilas,Dianemarie.Lilas@gmaill.com,Male,Marketing,Russia,69575
62,Anallese Grosz,Anallese.Grosz@gmaill.com,Male,Human Resources,United States,61090
63,Joy Corabella,Joy.Corabella@gmaill.com,Male,Sales,United States,95895
64,Fred Melony,Fred.Melony@gmaill.com,Female,Sales,Russia,90413
65,Netty Melan,Netty.Melan@gmaill.com,Male,Human Resources,Russia,85527
66,Neila Alejoa,Neila.Alejoa@gmaill.com,Female,Business Development,Germany,90421
67,Randa Baptlsta,Randa.Baptlsta@gmaill.com,Female,Sales,Israel,112008
68,Inga Ranjiv,Inga.Ranjiv@gmaill.com,Male,Accounting,France,91053
69,Kirstin Bibi,Kirstin.Bibi@gmaill.com,Male,Marketing,United States,71051
70,Vivia Llovera,Vivia.Llovera@gmaill.com,Female,Business Development,France,98814
71,Petronia Fosque,Petronia.Fosque@gmaill.com,Male,Business Development,France,117660
72,Alex Schalles,Alex.Schalles@gmaill.com,Male,Sales,Israel,83301
73,Anallese Wolfgram,Anallese.Wolfgram@gmaill.com,Female,Business Development,France,110943
74,Fanny Brady,Fanny.Brady@gmaill.com,Male,Research and Development,Israel,97295
75,Larine Fulmer,Larine.Fulmer@gmaill.com,Male,Business Development,United States,60992
76,Lacie Joseph,Lacie.Joseph@gmaill.com,Male,Business Development,Israel,59975
77,Lucille Ardra,Lucille.Ardra@gmaill.com,Male,Human Resources,France,51853
78,Katleen Dosia,Katleen.Dosia@gmaill.com,Male,Legal,United States,115599
79,Mallory Raama,Mallory.Raama@gmaill.com,Female,Engineering,United States,52162
80,Maye Klemperer,Maye.Klemperer@gmaill.com,Female,Services,Russia,97008
81,Lilith Girardo,Lilith.Girardo@gmaill.com,Male,Sales,France,59394
82,Merle Fleeta,Merle.Fleeta@gmaill.com,Male,Product Management,France,71421
83,Vere Fry,Vere.Fry@gmaill.com,Female,Research and Development,Russia,111520
84,Ileana Sprage,Ileana.Sprage@gmaill.com,Male,Marketing,United States,82791
85,Lusa Judye,Lusa.Judye@gmaill.com,Female,Accounting,United States,59711
86,Inga Weide,Inga.Weide@gmaill.com,Female,Legal,Germany,109806
87,Tonia Connelly,Tonia.Connelly@gmaill.com,Male,Sales,United States,53912
88,Mamie Papageno,Mamie.Papageno@gmaill.com,Female,Product Management,Russia,107096
89,Wanda Ochs,Wanda.Ochs@gmaill.com,Female,Accounting,United States,68060
90,Hope Aldric,Hope.Aldric@gmaill.com,Female,Business Development,Israel,93057
91,Gusella Marijo,Gusella.Marijo@gmaill.com,Male,Human Resources,United States,50881
92,Amara Plato,Amara.Plato@gmaill.com,Female,Services,France,57593
93,June Kunin,June.Kunin@gmaill.com,Female,Sales,France,118403
94,Loree Si,Loree.Si@gmaill.com,Male,Sales,Russia,76785
95,Ericka Kosey,Ericka.Kosey@gmaill.com,Male,Sales,Russia,53044
96,Aurelie Khorma,Aurelie.Khorma@gmaill.com,Male,Engineering,United States,77078
97,Aimil Cullin,Aimil.Cullin@gmaill.com,Female,Research and Development,France,66281
98,Katuscha Gamaliel,Katuscha.Gamaliel@gmaill.com,Female,Sales,Russia,55529
99,Minda Nikaniki,Minda.Nikaniki@gmaill.com,Male,Legal,Russia,55663
100,Chrystel Liebermann,Chrystel.Liebermann@gmaill.com,Male,Engineering,Germany,114493
